criterio,chi2,p_valor,significativo_005,n_blocos
Relevância das Informações,47.16190476190491,5.740140239387425e-11,True,105
Compreensibilidade,24.076190476190504,5.914549426886739e-06,True,105
Capacidade Explicativa,75.25714285714298,4.55112817295032e-17,True,105
Utilidade para Tomada de Decisão,78.53333333333353,8.845112151899589e-18,True,105
Adequação ao Contexto Executivo,92.70476190476211,7.403153073657443e-21,True,105
